{
    "cards": {
        "island": {
            "name": "island",
            "color": ",blue",
            "cost": 0,
            "number": 3,
            "type": "land",
            "deck": [
                ""
            ],
            "obs": "comment\n"
        },
        "forest": {
            "name": "forest",
            "color": ",green",
            "cost": 0,
            "number": 5,
            "type": "land",
            "deck": [
                ""
            ],
            "obs": "\n"
        },
        "mountain": {
            "name": "mountain",
            "color": "red",
            "cost": 0,
            "number": 7,
            "type": "land",
            "deck": [
                "test"
            ],
            "obs": "\n"
        }
    },
    "decks": {
        "test": {
            "name": "test",
            "land": {},
            "creature": {},
            "spell": {},
            "side": {
                "mountain": {
                    "name": "mountain",
                    "color": "red",
                    "cost": "0",
                    "number": 2,
                    "type": "land",
                    "deck": [
                        "test"
                    ],
                    "obs": ""
                }
            },
            "desc": "this is a test",
            "n_cards": 0,
            "n_side": 2
        }
    },
    "n_cards": 16
}